model,problem_id,n,c_strict,pass@1_strict,c_lenient,pass@1_lenient
qwen2.5-1.5b-instruct-q4_k_m,is_palindrome,5,5,1.0,5,1.0
qwen2.5-1.5b-instruct-q4_k_m,fizzbuzz,5,5,1.0,5,1.0
qwen2.5-1.5b-instruct-q4_k_m,second_largest,5,3,0.6,3,0.6
qwen2.5-1.5b-instruct-q4_k_m,run_length_encode,5,1,0.19999999999999996,1,0.19999999999999996
qwen2.5-1.5b-instruct-q4_k_m,merge_intervals,5,5,1.0,5,1.0
qwen2.5-1.5b-instruct-q4_k_m,roman_to_int,5,5,1.0,5,1.0
qwen2.5-1.5b-instruct-q4_k_m,MEAN,30,24,0.7999999999999999,24,0.7999999999999999
qwen2.5-0.5b-instruct-q4_k_m,is_palindrome,5,2,0.4,2,0.4
qwen2.5-0.5b-instruct-q4_k_m,fizzbuzz,5,3,0.6,3,0.6
qwen2.5-0.5b-instruct-q4_k_m,second_largest,5,1,0.19999999999999996,1,0.19999999999999996
qwen2.5-0.5b-instruct-q4_k_m,run_length_encode,5,0,0.0,0,0.0
qwen2.5-0.5b-instruct-q4_k_m,merge_intervals,5,1,0.19999999999999996,1,0.19999999999999996
qwen2.5-0.5b-instruct-q4_k_m,roman_to_int,5,1,0.19999999999999996,1,0.19999999999999996
qwen2.5-0.5b-instruct-q4_k_m,MEAN,30,8,0.26666666666666666,8,0.26666666666666666
Llama-3.2-3B-Instruct-Q4_K_M,is_palindrome,5,5,1.0,5,1.0
Llama-3.2-3B-Instruct-Q4_K_M,fizzbuzz,5,4,0.8,4,0.8
Llama-3.2-3B-Instruct-Q4_K_M,second_largest,5,4,0.8,5,1.0
Llama-3.2-3B-Instruct-Q4_K_M,run_length_encode,5,2,0.4,2,0.4
Llama-3.2-3B-Instruct-Q4_K_M,merge_intervals,5,5,1.0,5,1.0
Llama-3.2-3B-Instruct-Q4_K_M,roman_to_int,5,5,1.0,5,1.0
Llama-3.2-3B-Instruct-Q4_K_M,MEAN,30,25,0.8333333333333334,26,0.8666666666666667
