category,reference,response
near_duplicate,"The meeting starts at 10 a.m.","the meeting starts at 10 a.m.  "
near_duplicate,"The report is due on Friday.","The report is due on Friday"
near_duplicate,"She bought three apples at the market.","She bought 3 apples at the market."
paraphrase,"How are you?","What's up?"
paraphrase,"The movie was extremely boring.","I found the film really dull."
paraphrase,"He left the company last year.","He quit his job at the firm a year ago."
paraphrase,"Please close the door.","Could you shut the door?"
meaning_flip,"My cats scare the mice.","My cats eat the mice."
meaning_flip,"Let's eat, grandma.","Let's eat grandma."
meaning_flip,"The dog bit the man.","The man bit the dog."
meaning_flip,"Alice owes Bob ten dollars.","Bob owes Alice ten dollars."
meaning_flip,"The test results are positive.","The test results are not positive."
meaning_flip,"The bridge is safe to cross.","The bridge is not safe to cross."
unrelated,"The stock market fell sharply today.","My grandmother grows tomatoes in her garden."
unrelated,"Photosynthesis converts light into chemical energy.","The train to Paris leaves at noon."
unrelated,"Can you recommend a good book?","The bridge was painted red in 1990."
